Data/hora,Temperatura(ºC),Umidade %,Vibração,Estado da Máquina,Localização,Madeira Processada
2024-11-13 11:48:44.255845,20.132622747010878,62.75269462048,4.842351461534912,Parada,Fábrica B,225
2024-11-12 11:48:44.257836,23.42166908363297,57.54955491177836,1.1382984141501773,Operando,Fábrica A,337
2024-11-11 11:48:44.258843,36.528801998499816,65.7875744392537,4.6867501130713265,Operando,Fábrica A,388
2024-11-10 11:48:44.259850,35.3171219664897,41.66092258723278,0.20191650868632283,Manutenção,Fábrica A,195
2024-11-09 11:48:44.261847,34.061175772209275,65.62505908697247,2.1173245613350424,Manutenção,Fábrica A,467
2024-11-08 11:48:44.263835,32.903340019096035,66.23549714113808,6.467715560386436,Operando,Fábrica A,405
2024-11-07 11:48:44.264835,26.284604523004955,71.2708311765828,8.457291880378667,Operando,Fábrica B,469
2024-11-06 11:48:44.265834,33.14075959261289,77.59580498703319,8.824807958408421,Operando,Fábrica B,389
2024-11-05 11:48:44.266836,31.056578601917625,67.41416264561222,3.451427243733207,Manutenção,Fábrica B,354
2024-11-04 11:48:44.267835,27.598451648305545,40.13879441001829,2.4098204098603535,Manutenção,Fábrica A,289
2024-11-03 11:48:44.269433,32.13512809870495,42.55387924777854,8.336742000150537,Parada,Fábrica B,200
2024-11-02 11:48:44.271442,32.73525712460773,58.477425074283516,5.8238073801404076,Operando,Fábrica A,425
2024-11-01 11:48:44.272441,37.77070812587536,42.57819233842831,7.441022190828466,Operando,Fábrica B,125
2024-10-31 11:48:44.275441,36.8107105585701,79.66418705033016,2.4557212633587855,Parada,Fábrica A,447
2024-10-30 11:48:44.276448,20.561947191963576,76.12243263170612,7.863472686968864,Operando,Fábrica A,347
2024-10-29 11:48:44.277451,39.95390594656932,43.5895431452817,1.4315296277964518,Parada,Fábrica A,188
2024-10-28 11:48:44.278448,37.486091641956136,68.49892610614587,8.699289519883212,Parada,Fábrica B,122
2024-10-27 11:48:44.279446,23.805747848258957,57.44056463270013,4.953689785204212,Manutenção,Fábrica B,153
2024-10-26 11:48:44.280450,32.24000441755301,51.21252866345117,0.23946316441588733,Manutenção,Fábrica A,115
2024-10-25 11:48:44.281440,35.30272103675239,71.84752079639445,1.7173986987206213,Operando,Fábrica B,385
2024-10-24 11:48:44.282443,28.754914233834096,54.86581722908863,4.358846006079746,Operando,Fábrica A,367
2024-10-23 11:48:44.282443,37.91572786254504,79.45096893226311,3.8310632822844495,Parada,Fábrica B,353
2024-10-22 11:48:44.284449,24.629491561820508,41.201308629473615,3.30149470944746,Operando,Fábrica A,210
2024-10-21 11:48:44.285447,20.890979708808363,76.6437681028373,5.593980796610283,Manutenção,Fábrica B,161
2024-10-20 11:48:44.285447,28.64840558401632,51.11182682369299,5.972934668159247,Operando,Fábrica A,309
2024-10-19 11:48:44.286449,39.60678239071405,64.90429781160849,4.86541289749356,Operando,Fábrica B,246
2024-10-18 11:48:44.287447,22.9498258756379,69.64202317231089,2.752270981604461,Manutenção,Fábrica A,293
2024-10-17 11:48:44.288441,30.3305184210734,68.89823957124432,0.3169809973652671,Parada,Fábrica B,211
2024-10-16 11:48:44.289441,21.658695056990656,41.630460794414134,2.3669763757816256,Parada,Fábrica B,383
2024-10-15 11:48:44.290438,35.82084866278799,41.40643162106305,0.6622497358825374,Manutenção,Fábrica B,292
2024-10-14 11:48:44.291438,36.77641379667808,50.8302608397329,2.6778056803511974,Operando,Fábrica B,373
2024-10-13 11:48:44.292449,35.33155340745684,64.49060896174083,5.413542896277641,Operando,Fábrica B,297
2024-10-12 11:48:44.292449,26.72488821820096,40.89288897486159,0.5907542059652027,Operando,Fábrica B,380
2024-10-11 11:48:44.293449,20.662147910277437,66.83623560914434,8.454375578620779,Manutenção,Fábrica B,479
2024-10-10 11:48:44.294448,31.63276816746773,60.43811352765556,3.6121249836649905,Parada,Fábrica A,470
2024-10-09 11:48:44.295441,39.615677622373795,51.912851000601364,2.957921325363926,Operando,Fábrica B,423
2024-10-08 11:48:44.296452,21.28979247529579,71.49615816231201,1.6985923351002519,Parada,Fábrica A,252
2024-10-07 11:48:44.297444,34.68969486356791,79.85216227297089,8.386275414648248,Operando,Fábrica A,179
2024-10-06 11:48:44.298439,22.74244795814711,63.46523542194364,9.418630295882165,Operando,Fábrica A,232
2024-10-05 11:48:44.298439,23.56056291673476,44.89531951634086,1.1806628837989463,Operando,Fábrica B,137
2024-10-04 11:48:44.299446,26.00660198158625,48.96989064287991,3.277081500340225,Parada,Fábrica B,228
2024-10-03 11:48:44.301440,25.94824606760934,60.63803311029186,4.425256792023237,Manutenção,Fábrica B,375
2024-10-02 11:48:44.302439,23.644540842811075,65.19381626034823,0.023608870306328633,Parada,Fábrica B,475
2024-10-01 11:48:44.304440,36.40465182225117,73.18452311969062,9.358869557944175,Operando,Fábrica A,276
2024-09-30 11:48:44.305440,26.93782415111147,46.502034688830356,9.187920641191008,Operando,Fábrica B,271
2024-09-29 11:48:44.306440,21.658360367180048,42.23402593363553,3.63519406642638,Operando,Fábrica B,436
2024-09-28 11:48:44.307440,35.20550053919386,68.73231229232339,8.131780919549982,Manutenção,Fábrica B,194
2024-09-27 11:48:44.308441,20.57880540012438,47.97579464676642,3.088034733093318,Parada,Fábrica A,370
2024-09-26 11:48:44.309440,27.42995590009172,56.98481190571671,3.1952816584054,Parada,Fábrica B,463
2024-09-25 11:48:44.310947,30.013820197746135,72.13963318425965,7.10720222923258,Operando,Fábrica A,136
2024-09-24 11:48:44.311955,29.051734747411576,73.8892712530024,4.915879294047231,Manutenção,Fábrica B,485
2024-09-23 11:48:44.312955,27.544656997944795,64.33240846157882,5.7809401336180075,Manutenção,Fábrica A,340
2024-09-22 11:48:44.313954,33.872996237427095,47.07585749124518,8.824594621615853,Manutenção,Fábrica B,312
2024-09-21 11:48:44.314955,31.496062960431708,73.80920736229118,1.687486425708833,Operando,Fábrica B,346
2024-09-20 11:48:44.315959,25.62344998030011,73.18582641610371,8.940038612116648,Manutenção,Fábrica A,458
2024-09-19 11:48:44.316956,21.250801939133407,41.501484793604725,3.67686261633261,Manutenção,Fábrica A,279
2024-09-18 11:48:44.317963,27.62188336994992,56.8848174257209,2.378974047441708,Parada,Fábrica A,131
2024-09-17 11:48:44.318962,35.05451694393227,67.76851326225234,7.68050512093216,Operando,Fábrica A,383
2024-09-16 11:48:44.320957,34.37699187958389,69.58410511161843,0.5358664156976534,Manutenção,Fábrica B,203
2024-09-15 11:48:44.321956,29.23758712539757,45.08920895339575,2.6134955669504043,Operando,Fábrica A,472
2024-09-14 11:48:44.323957,30.727100759068545,67.41642036190895,3.418569088653652,Parada,Fábrica A,399
2024-09-13 11:48:44.324957,32.09023854820506,53.95944085856428,6.0532636808957445,Manutenção,Fábrica B,429
2024-09-12 11:48:44.325957,20.290922445868112,40.584258489435555,0.33925659243431494,Operando,Fábrica B,111
2024-09-11 11:48:44.327955,23.952904654418457,54.26763204749866,6.177381473076978,Parada,Fábrica A,287
2024-09-10 11:48:44.328964,36.70010183593247,72.020325071315,1.0260080959104156,Manutenção,Fábrica B,193
2024-09-09 11:48:44.330957,34.792823733794265,63.364800428842585,2.9425927370273905,Operando,Fábrica A,248
2024-09-08 11:48:44.331963,37.214107881857004,61.4604410720859,1.4108096500728584,Manutenção,Fábrica A,475
2024-09-07 11:48:44.332967,36.110313646416394,43.730204331454175,9.700585100341515,Operando,Fábrica A,160
2024-09-06 11:48:44.334961,25.142307660596828,71.25233232463845,4.657182279823013,Manutenção,Fábrica B,267
2024-09-05 11:48:44.335956,33.49813568551798,79.64140115270675,5.493366645008195,Operando,Fábrica B,245
2024-09-04 11:48:44.336955,25.498059457958114,51.29907029133637,6.2593993512754995,Operando,Fábrica B,176
2024-09-03 11:48:44.338957,30.292516837967405,57.803993104326196,4.878974672484201,Parada,Fábrica B,324
2024-09-02 11:48:44.339956,34.27957851474352,48.10151046089243,5.372949158042157,Parada,Fábrica A,366
2024-09-01 11:48:44.340963,29.568710554782093,75.11151392890815,7.190183216292421,Manutenção,Fábrica A,255
2024-08-31 11:48:44.341956,30.209868767137728,68.74020581708265,1.7542717877784042,Manutenção,Fábrica B,103
2024-08-30 11:48:44.343956,30.963530198861136,66.5608745430797,7.072297114663075,Parada,Fábrica B,172
2024-08-29 11:48:44.344963,36.08033528450206,47.01031843355451,1.9607194038295472,Manutenção,Fábrica A,101
2024-08-28 11:48:44.345956,23.56860710176415,66.61341089997393,7.513854124826624,Manutenção,Fábrica B,372
2024-08-27 11:48:44.346955,33.55843361525388,65.56375735899614,5.489349043394965,Parada,Fábrica B,492
2024-08-26 11:48:44.347956,36.914577566581215,55.85137303211253,7.301004065392908,Operando,Fábrica A,428
2024-08-25 11:48:44.348965,24.81011310118511,46.02141046018764,2.9311350938854632,Parada,Fábrica B,278
2024-08-24 11:48:44.349954,33.693821243902974,45.250627670280906,8.739810510652505,Parada,Fábrica A,494
2024-08-23 11:48:44.349954,33.45070142662763,78.30842072564403,7.780990538104653,Parada,Fábrica A,224
2024-08-22 11:48:44.350955,36.03829096568627,52.53317835285282,7.022326056528266,Manutenção,Fábrica B,205
2024-08-21 11:48:44.351964,34.70502382683271,68.72960452370748,8.537813803437352,Operando,Fábrica A,101
2024-08-20 11:48:44.352964,31.285502870022068,42.62309643163509,8.187340648084499,Manutenção,Fábrica B,485
2024-08-19 11:48:44.353965,33.015297865305264,68.6985745501959,3.819172037442499,Operando,Fábrica B,326
2024-08-18 11:48:44.354962,37.95307286866465,40.66994174133968,2.962165705418026,Operando,Fábrica B,349
2024-08-17 11:48:44.354962,28.108784246074254,51.37908675051576,4.061816965843991,Manutenção,Fábrica A,399
2024-08-16 11:48:44.355961,23.502829401213187,45.88499842428567,4.851175574252705,Parada,Fábrica A,480
2024-08-15 11:48:44.356961,25.902722738514754,44.01765489941125,7.826930917335813,Operando,Fábrica A,428
2024-08-14 11:48:44.357955,29.566296537603712,51.107469994862775,8.981782616330227,Operando,Fábrica B,177
2024-08-13 11:48:44.358956,28.219187874167297,71.16022933414942,3.991385377011799,Parada,Fábrica A,270
2024-08-12 11:48:44.359954,36.507888675342485,68.68280468682569,6.729227503539411,Operando,Fábrica A,485
2024-08-11 11:48:44.359954,30.77652398514931,72.43096734241797,6.77895464878037,Parada,Fábrica B,450
2024-08-10 11:48:44.360954,36.1030981983923,43.90174020224201,3.398051323933876,Manutenção,Fábrica B,246
2024-08-09 11:48:44.361963,34.26183920028388,55.50126931785032,0.6256979629041792,Parada,Fábrica A,209
2024-08-08 11:48:44.362963,21.697826832276373,43.736076520268576,9.694796875199994,Operando,Fábrica A,436
2024-08-07 11:48:44.362963,31.155549345895167,69.25899880548576,0.19117738734233614,Manutenção,Fábrica A,155
2024-08-06 11:48:44.363962,24.605614693227487,66.33961797137802,4.255755496317497,Parada,Fábrica A,224
2024-08-05 11:48:44.364955,33.788356444120815,47.04908224828645,8.000949103995357,Operando,Fábrica B,222
2024-08-04 11:48:44.365957,35.99777110243638,58.69421677107024,7.758239773352235,Operando,Fábrica A,447
2024-08-03 11:48:44.366955,22.104763791001172,57.42810521608612,8.649502027087557,Operando,Fábrica A,412
2024-08-02 11:48:44.367961,32.2488601774836,76.91554056062651,1.444671393358593,Operando,Fábrica A,474
2024-08-01 11:48:44.369955,39.06999409647014,55.41025794429079,6.9573102294422196,Operando,Fábrica B,272
2024-07-31 11:48:44.369955,28.74653918642244,49.94377474907393,7.095357662357767,Parada,Fábrica A,328
2024-07-30 11:48:44.371959,36.14297758106213,47.79518767853496,0.5436576354336553,Manutenção,Fábrica B,406
2024-07-29 11:48:44.372960,25.185890396605686,59.586738098025734,2.0913906329976086,Parada,Fábrica A,474
2024-07-28 11:48:44.373960,31.52217537151141,70.92704763924813,5.40556238996201,Parada,Fábrica A,346
2024-07-27 11:48:44.374959,26.13396564014304,57.32866575504818,8.239883462958236,Parada,Fábrica A,461
2024-07-26 11:48:44.375955,30.739305281565663,52.920506569184475,5.7445724078452765,Parada,Fábrica A,217
2024-07-25 11:48:44.376961,28.51838792777012,45.94634729481033,4.066459030753605,Operando,Fábrica B,449
2024-07-24 11:48:44.377962,30.825696700551138,75.76236365677565,8.431851862348902,Manutenção,Fábrica B,477
2024-07-23 11:48:44.379210,30.359949142261954,71.63094308244168,9.977998535459552,Manutenção,Fábrica A,365
2024-07-22 11:48:44.381019,28.38094243034832,59.03314600540044,1.971961841572828,Parada,Fábrica A,231
2024-07-21 11:48:44.382028,37.26371422871419,46.80311891574383,8.423232151663132,Operando,Fábrica A,289
2024-07-20 11:48:44.383964,32.698414083952954,46.09241850739942,4.132940939839989,Operando,Fábrica B,257
2024-07-19 11:48:44.386958,38.2637072852571,60.2979261937987,7.311147110899774,Parada,Fábrica B,490
2024-07-18 11:48:44.387958,38.5336822874941,41.80006932703482,7.561809443977792,Parada,Fábrica A,319
2024-07-17 11:48:44.390602,32.65696577430993,61.50278708160783,4.441041859293752,Manutenção,Fábrica B,427
2024-07-16 11:48:44.393522,28.136903983723723,41.74291392391622,7.987774890695042,Manutenção,Fábrica A,322
2024-07-15 11:48:44.396522,29.45876865081466,48.66485931532522,0.6102306626058085,Operando,Fábrica B,202
2024-07-14 11:48:44.398520,35.72722474911654,56.08982183165319,1.1676039057634013,Manutenção,Fábrica B,102
2024-07-13 11:48:44.401523,30.717081775021857,44.01271563179025,0.1727143956129018,Operando,Fábrica B,280
2024-07-12 11:48:44.402522,28.707609495355456,51.86984734977194,3.7599153794817797,Manutenção,Fábrica A,458
2024-07-11 11:48:44.404519,21.30521856571311,63.830721831889925,9.612662121219865,Operando,Fábrica B,320
2024-07-10 11:48:44.405584,31.78118148105002,76.27208143554384,9.661756105657174,Operando,Fábrica A,311
2024-07-09 11:48:44.407521,29.201144404625214,68.56968667555499,3.4999032086613537,Manutenção,Fábrica B,255
2024-07-08 11:48:44.408518,34.93336722051339,47.42364831972316,8.683367780006693,Manutenção,Fábrica B,491
2024-07-07 11:48:44.410524,27.31980846102802,48.65848603918887,6.747049361901189,Operando,Fábrica A,448
2024-07-06 11:48:44.412588,36.694173892932426,71.92242116000364,1.8053572793211503,Operando,Fábrica A,215
2024-07-05 11:48:44.414530,27.737941012983086,44.40277371694153,4.350009386802461,Parada,Fábrica B,394
2024-07-04 11:48:44.415518,22.400942305543875,64.63000309227922,5.891787062768527,Parada,Fábrica A,236
2024-07-03 11:48:44.417591,27.019530873244527,42.38553171952742,8.2533068022215,Parada,Fábrica A,306
2024-07-02 11:48:44.418558,33.38766449468072,61.910558923444206,9.41633155017637,Operando,Fábrica A,308
2024-07-01 11:48:44.419531,22.637385102079215,75.32128448087845,7.900261012472441,Operando,Fábrica B,343
2024-06-30 11:48:44.420521,32.768939864552365,42.41885496520521,4.50207233070836,Manutenção,Fábrica B,378
2024-06-29 11:48:44.421520,38.75268437424131,48.953824594121365,7.3799612933714105,Parada,Fábrica B,184
2024-06-28 11:48:44.422518,39.350621189819094,79.57391559825017,5.132182203828547,Operando,Fábrica B,378
2024-06-27 11:48:44.423580,34.23039594641883,77.97412020343124,2.45503013946605,Operando,Fábrica B,276
2024-06-26 11:48:44.425590,32.020584788010254,64.06846730244786,5.10266602938014,Parada,Fábrica A,358
2024-06-25 11:48:44.426577,38.196548779543896,76.34220206005148,7.798439849587662,Manutenção,Fábrica B,417
2024-06-24 11:48:44.428521,25.067008515637248,43.009395874679996,3.721003958921889,Parada,Fábrica A,131
2024-06-23 11:48:44.429545,21.40706046043206,51.12131140508699,8.621861559160793,Manutenção,Fábrica A,205
2024-06-22 11:48:44.431597,29.858587473829264,51.40928157484049,5.4470245234747665,Operando,Fábrica A,104
2024-06-21 11:48:44.433619,32.27521828333393,58.30769902269126,5.669013700299537,Manutenção,Fábrica A,446
2024-06-20 11:48:44.434525,39.61386824732202,47.44996529667445,5.307166765528827,Operando,Fábrica A,230
2024-06-19 11:48:44.436519,32.03177587185565,54.787767695785746,2.0667769893460997,Manutenção,Fábrica A,413
2024-06-18 11:48:44.437579,38.23042549111118,45.54010161858082,7.194846355608989,Parada,Fábrica A,441
2024-06-17 11:48:44.439584,26.991237516361274,79.36346902664899,1.1499408216496976,Parada,Fábrica B,480
2024-06-16 11:48:44.441525,25.23696623421725,44.452667727523234,3.215734686097073,Operando,Fábrica B,101
2024-06-15 11:48:44.442528,37.777918382276496,78.35292563036504,2.7475634925459125,Parada,Fábrica B,292
2024-06-14 11:48:44.443577,26.04555669547052,54.187317326468204,5.923061304157486,Operando,Fábrica B,100
2024-06-13 11:48:44.444582,38.99892657885896,55.18222885321926,5.89355811025184,Operando,Fábrica A,425
2024-06-12 11:48:44.445587,38.0159491776323,78.25007245355825,1.5021577280890375,Manutenção,Fábrica B,451
2024-06-11 11:48:44.446590,35.819067758469174,44.793824152484675,9.497844004384389,Parada,Fábrica A,299
2024-06-10 11:48:44.447517,26.081931805442064,40.610438323583146,3.7873534887912017,Manutenção,Fábrica B,303
2024-06-09 11:48:44.448530,30.060137600426856,58.41975712655831,1.7090924145485376,Parada,Fábrica A,452
2024-06-08 11:48:44.449519,22.913346528622956,52.31722768585084,4.315281240149961,Parada,Fábrica A,448
2024-06-07 11:48:44.451522,30.32336471698115,53.557708013486454,2.3694700070394283,Manutenção,Fábrica B,108
2024-06-06 11:48:44.452521,33.407008440601,59.66531680867901,1.4096873694039158,Parada,Fábrica A,156
2024-06-05 11:48:44.454522,25.931375426231963,63.435808133796144,0.954439620440023,Manutenção,Fábrica A,136
2024-06-04 11:48:44.457525,25.292200399037988,73.43958645564524,1.0434997018028913,Manutenção,Fábrica B,381
2024-06-03 11:48:44.459538,21.457826632626066,78.79901993196776,8.30448204415903,Operando,Fábrica B,356
2024-06-02 11:48:44.460528,21.408819663773855,55.12813552686788,2.5521068405539027,Operando,Fábrica B,246
2024-06-01 11:48:44.464522,22.817140850117873,53.23588882674876,8.28700601988989,Parada,Fábrica A,317
2024-05-31 11:48:44.466598,32.289450534871904,52.13077992867211,7.875570027710289,Parada,Fábrica B,368
2024-05-30 11:48:44.468524,30.463021556397766,66.21927386505274,0.12270362759304931,Manutenção,Fábrica A,227
2024-05-29 11:48:44.471527,35.072455364130434,63.35076729468926,0.9587128652678933,Operando,Fábrica B,293
2024-05-28 11:48:44.473525,39.13159239389658,59.013112069796215,9.404684443171655,Manutenção,Fábrica A,376
2024-05-27 11:48:44.476522,20.722527285798325,69.72954508924506,3.361446432947659,Manutenção,Fábrica B,328
2024-05-26 11:48:44.479529,24.06803679993328,65.33956561188097,9.946174424868824,Parada,Fábrica B,492
2024-05-25 11:48:44.481528,20.10910483282776,61.50570463639724,6.802185581472359,Manutenção,Fábrica B,470
2024-05-24 11:48:44.483520,20.945223368808826,63.33244524868466,5.253811256282434,Manutenção,Fábrica A,203
2024-05-23 11:48:44.484520,21.1790071354384,72.36393415976326,9.66080850182085,Parada,Fábrica A,348
2024-05-22 11:48:44.486518,30.891042392022964,70.50212673899483,2.055403773839873,Manutenção,Fábrica B,460
2024-05-21 11:48:44.486518,29.413289749502056,52.106648592362795,2.3196461817002056,Operando,Fábrica A,226
2024-05-20 11:48:44.487519,33.36307411935465,40.132705143665675,1.384954236313164,Parada,Fábrica B,146
2024-05-19 11:48:44.489518,23.00146756160826,45.97612404830994,5.62683687325757,Parada,Fábrica B,449
2024-05-18 11:48:44.491554,28.78489272507325,40.727096286019716,1.711394868342232,Operando,Fábrica A,128
2024-05-17 11:48:44.492555,21.174513816625606,42.06138715226941,0.4111272756627371,Manutenção,Fábrica B,333
2024-05-16 11:48:44.493589,28.330692143941995,63.23631346557765,6.766224726026415,Operando,Fábrica A,432
2024-05-15 11:48:44.494526,31.49278931770915,46.401376927017125,8.169340532688604,Parada,Fábrica B,192
2024-05-14 11:48:44.495522,27.978959025706516,76.14185174432063,9.790479369632815,Parada,Fábrica A,311
2024-05-13 11:48:44.499517,21.790496874872055,66.23950109267163,6.092577680826601,Manutenção,Fábrica A,133
2024-05-12 11:48:44.500537,25.651458281380243,55.62990769512179,5.2429840176358375,Manutenção,Fábrica A,158
2024-05-11 11:48:44.501518,26.953375679490883,60.123919248432074,4.135573433699075,Operando,Fábrica B,401
2024-05-10 11:48:44.503517,20.534996060133707,42.6832011808113,0.10559500428755864,Operando,Fábrica B,401
2024-05-09 11:48:44.505516,30.899220561873577,59.94349226748681,6.125852553535669,Parada,Fábrica A,344
2024-05-08 11:48:44.506518,38.49668967905791,47.458378776002526,7.777072333483059,Parada,Fábrica A,307
2024-05-07 11:48:44.506518,26.1548029467112,43.27868860740437,2.142498984965223,Operando,Fábrica B,293
2024-05-06 11:48:44.507524,28.65372209056479,41.13919666510402,8.30740644119383,Operando,Fábrica A,160
2024-05-05 11:48:44.508517,39.629570191429174,79.40690940376729,8.374114921490643,Parada,Fábrica A,292
2024-05-04 11:48:44.509516,35.07758922971343,73.42230134395494,8.418050694110805,Manutenção,Fábrica A,410
2024-05-03 11:48:44.510518,36.15596888747564,43.26721974901786,7.37983803514206,Parada,Fábrica A,480
2024-05-02 11:48:44.511521,32.974531966741736,42.72623394877611,4.655580461667119,Operando,Fábrica B,392
2024-05-01 11:48:44.512521,39.38125999696417,51.9348850456306,5.40876976625733,Parada,Fábrica A,435
2024-04-30 11:48:44.512521,33.72904695182276,64.0836685311937,2.200026517452657,Manutenção,Fábrica B,271
2024-04-29 11:48:44.513521,36.95866542345497,59.59384728205322,0.1619878939294317,Operando,Fábrica A,207
2024-04-28 11:48:44.514523,32.355506554654745,46.26585151605494,2.360364209748708,Operando,Fábrica A,245
2024-04-27 11:48:44.515523,30.308799410194958,61.25862498208561,0.8494462204787256,Parada,Fábrica A,106
2024-04-26 11:48:44.516522,34.694988418021545,61.048068042350444,2.7534905267503698,Manutenção,Fábrica A,500
2024-04-25 11:48:44.517517,34.63615030231481,46.427423340414315,0.7337818176790245,Manutenção,Fábrica B,361
2024-04-24 11:48:44.519516,31.8147663045061,56.91538422155226,1.4864686624562429,Operando,Fábrica B,464
2024-04-23 11:48:44.520517,21.328875958679454,44.22169720229739,5.942770106715217,Manutenção,Fábrica A,310
2024-04-22 11:48:44.521519,39.86257225859103,46.3224396262374,9.403112395095354,Operando,Fábrica B,257
2024-04-21 11:48:44.522516,21.600025163740092,72.39822205173361,2.312340803986465,Manutenção,Fábrica A,404
2024-04-20 11:48:44.522516,33.4670118125874,54.87350639637384,9.09154352403342,Operando,Fábrica A,447
2024-04-19 11:48:44.524522,24.034907658430622,44.0163994500969,3.8547970940318663,Operando,Fábrica A,191
2024-04-18 11:48:44.526524,29.028399313029865,44.780165772330115,8.213618445859485,Manutenção,Fábrica B,193
2024-04-17 11:48:44.527522,24.365241405025586,71.3937312652903,5.997229486009973,Operando,Fábrica A,398
2024-04-16 11:48:44.528522,28.37151102975437,72.0691086020695,3.703137058571624,Operando,Fábrica B,371
2024-04-15 11:48:44.529520,25.448877476094413,76.45883536976706,3.280249364326232,Manutenção,Fábrica A,493
2024-04-14 11:48:44.529520,27.457101058411034,57.51283220935561,5.947279074239007,Manutenção,Fábrica A,210
2024-04-13 11:48:44.530523,30.621731975261635,66.96906153097841,0.6582896112507863,Manutenção,Fábrica A,263
2024-04-12 11:48:44.532517,30.990566101047566,55.72772627270162,6.433557410342257,Operando,Fábrica B,109
2024-04-11 11:48:44.533517,20.095110643937755,69.71523065065173,7.0713760531938075,Manutenção,Fábrica A,307
2024-04-10 11:48:44.534528,30.43726489219428,78.26172199860682,0.0031437639091103087,Manutenção,Fábrica B,391
2024-04-09 11:48:44.535526,28.934051488251917,71.66950261862922,1.3896441433774898,Manutenção,Fábrica B,220
2024-04-08 11:48:44.535526,35.02178298324315,69.04188409132136,7.062412845850018,Parada,Fábrica A,472
2024-04-07 11:48:44.536527,28.82532617100602,61.520239524391116,3.7422998264923146,Parada,Fábrica A,271
2024-04-06 11:48:44.537524,21.50164642807393,40.583336723666996,8.798442894768183,Manutenção,Fábrica B,379
2024-04-05 11:48:44.539517,29.757018519155416,74.27537432688693,8.152438050574744,Parada,Fábrica A,364
2024-04-04 11:48:44.540517,36.909227466336375,59.87715262636297,1.5430946252195443,Manutenção,Fábrica B,211
2024-04-03 11:48:44.541519,30.04164470560319,63.58435299585702,3.3285360547485157,Parada,Fábrica A,393
2024-04-02 11:48:44.542518,34.14542000686889,56.67373179293891,0.2988898259758077,Manutenção,Fábrica A,155
2024-04-01 11:48:44.543521,28.734246601941535,72.5335352140489,1.6517877913045442,Parada,Fábrica A,439
2024-03-31 11:48:44.546518,35.53355816559109,49.00781780781145,1.3571516588137356,Parada,Fábrica A,344
2024-03-30 11:48:44.547531,27.67479653813708,44.673435728496685,8.46501600964036,Parada,Fábrica A,354
2024-03-29 11:48:44.549520,24.760938822181718,79.84942501733786,0.5446270299889555,Parada,Fábrica B,312
2024-03-28 11:48:44.550516,31.26938824503165,79.42897238444482,2.1229138586585306,Parada,Fábrica A,325
2024-03-27 11:48:44.551516,21.82538780064048,78.16792799006079,2.5297800985959675,Manutenção,Fábrica B,400
2024-03-26 11:48:44.552517,28.16923211386247,66.89069053899274,7.72414823039889,Manutenção,Fábrica B,322
2024-03-25 11:48:44.553529,30.946296002531774,47.0997326414616,9.276986238528242,Operando,Fábrica A,451
2024-03-24 11:48:44.554526,20.152221481150633,60.40383064708571,8.064018311246992,Parada,Fábrica A,213
2024-03-23 11:48:44.555524,32.30298054780527,67.49610410136533,6.276172352275292,Manutenção,Fábrica A,408
2024-03-22 11:48:44.556516,20.67238362637747,66.69694722560891,9.184228103644456,Operando,Fábrica A,414
2024-03-21 11:48:44.557516,25.1163071625419,70.56316048544033,5.461409488588592,Manutenção,Fábrica A,499
2024-03-20 11:48:44.558516,28.383742560995216,53.13106913365,5.3122610634267495,Operando,Fábrica A,377
2024-03-19 11:48:44.559522,39.88780814654277,55.955219526609525,1.6931748557214676,Manutenção,Fábrica A,212
2024-03-18 11:48:44.561517,30.128561910316954,61.93284621260043,6.946375668218651,Parada,Fábrica A,434
2024-03-17 11:48:44.562517,29.032987378844076,67.60509074391635,4.084480450505142,Operando,Fábrica A,342
2024-03-16 11:48:44.565517,31.00064353831013,77.92732028744173,0.009417738825815425,Parada,Fábrica A,227
2024-03-15 11:48:44.568517,34.36215986708905,72.32623836954208,4.719844961890185,Parada,Fábrica A,375
2024-03-14 11:48:44.570516,27.417016133185225,57.28162987883027,0.1477562793002407,Manutenção,Fábrica B,498
2024-03-13 11:48:44.571517,26.142985828615465,76.1037279262441,6.910331418259412,Operando,Fábrica A,355
2024-03-12 11:48:44.571517,27.17252910736299,46.439539798918794,8.339762801279196,Parada,Fábrica A,319
2024-03-11 11:48:44.573518,27.535519332850754,76.95073907164922,0.5386813724167228,Operando,Fábrica B,164
2024-03-10 11:48:44.574517,32.68806005905341,59.99681191791219,1.1021040383805658,Parada,Fábrica B,305
2024-03-09 11:48:44.575516,36.70875190143218,63.53666780496414,9.772876126742455,Manutenção,Fábrica B,185
2024-03-08 11:48:44.575516,35.65614097384423,63.77041969794433,5.215916373324275,Parada,Fábrica B,220
2024-03-07 11:48:44.576516,33.750908732905586,55.25840483547009,3.8658903235937947,Operando,Fábrica B,313
2024-03-06 11:48:44.577527,21.30315234042442,65.08714136443837,6.97454413226509,Operando,Fábrica A,161
2024-03-05 11:48:44.578527,24.29152276633949,68.52165744319079,8.269996571697412,Manutenção,Fábrica A,418
2024-03-04 11:48:44.580550,29.921097058724353,48.5822097781703,6.86205233664262,Operando,Fábrica A,290
2024-03-03 11:48:44.581532,33.02373646292286,70.21825195013264,2.7618615826005644,Operando,Fábrica A,224
2024-03-02 11:48:44.582515,25.685013905077984,42.76080174447842,1.9284241466245788,Manutenção,Fábrica B,354
2024-03-01 11:48:44.583527,21.084153027275946,67.55662132630178,2.3837813440358966,Operando,Fábrica A,425
2024-02-29 11:48:44.584532,20.51269462497619,63.0975319075404,6.945529316011266,Operando,Fábrica B,323
2024-02-28 11:48:44.585525,34.478318029084896,47.576998995443184,5.030469739043327,Parada,Fábrica B,437
2024-02-27 11:48:44.586518,29.70739167196609,64.67017436160248,0.6540655913670246,Parada,Fábrica B,227
2024-02-26 11:48:44.587523,23.82613529921981,56.074370156752096,0.6436327206753212,Operando,Fábrica B,282
2024-02-25 11:48:44.588520,26.53408191276841,41.74753351355524,3.014380709673837,Manutenção,Fábrica B,404
2024-02-24 11:48:44.589526,22.77539511860361,58.84720259691344,0.20743333596103364,Manutenção,Fábrica A,338
2024-02-23 11:48:44.590517,28.890759767598954,50.39985846430397,1.1164873074329107,Manutenção,Fábrica A,339
2024-02-22 11:48:44.591524,20.648210571094104,52.7897820755488,2.7231414159858702,Manutenção,Fábrica B,340
2024-02-21 11:48:44.591524,25.990487935951204,49.13479873919961,8.396804989174525,Parada,Fábrica A,477
2024-02-20 11:48:44.592524,20.809295960694406,71.4918403783247,0.8107950818825405,Manutenção,Fábrica B,258
2024-02-19 11:48:44.593515,21.19540561517607,74.98479629150467,5.760582609388317,Manutenção,Fábrica A,134
2024-02-18 11:48:44.594518,28.850668764548455,42.99123851474163,2.4112887469647792,Parada,Fábrica B,230
2024-02-17 11:48:44.595518,22.170987486048578,44.06555495903935,6.391174994426666,Operando,Fábrica A,141
2024-02-16 11:48:44.596527,25.891925227153138,59.66192357862647,0.4948990095601491,Parada,Fábrica B,185
2024-02-15 11:48:44.597524,26.86270149387279,59.71241683479886,6.090378173667914,Manutenção,Fábrica B,126
2024-02-14 11:48:44.598524,24.45644245796787,73.41042207493354,3.0281694847653275,Manutenção,Fábrica B,372
2024-02-13 11:48:44.599524,27.881277093701897,69.44456084952624,0.18013779989358603,Parada,Fábrica A,416
2024-02-12 11:48:44.599524,30.436683354066727,43.20492932026208,7.5130114332352695,Operando,Fábrica B,108
2024-02-11 11:48:44.601527,27.00951359230511,44.89941030099935,5.273522703211983,Parada,Fábrica A,100
2024-02-10 11:48:44.602515,34.1398063636984,73.85617078435254,5.134026432048433,Parada,Fábrica A,140
2024-02-09 11:48:44.603526,32.43383113081552,70.33881585730555,7.139154764883494,Operando,Fábrica A,451
2024-02-08 11:48:44.604527,20.786123100371075,43.40875164108589,0.11445735018218772,Parada,Fábrica B,111
2024-02-07 11:48:44.605535,38.1880918544678,67.47053946063458,3.264904876150665,Parada,Fábrica B,234
2024-02-06 11:48:44.606518,26.27607049251251,45.372627406210604,9.251660498386535,Manutenção,Fábrica A,304
2024-02-05 11:48:44.606518,20.88783282668534,52.66279839199436,7.625602818093601,Parada,Fábrica B,119
2024-02-04 11:48:44.607523,38.72827417670429,67.53353073546776,0.1715387304907101,Manutenção,Fábrica B,122
2024-02-03 11:48:44.608531,28.732154878292967,78.8614820081371,5.264869221940126,Parada,Fábrica A,296
2024-02-02 11:48:44.609533,33.33714990523656,79.14964949361038,2.7401489962657455,Parada,Fábrica B,148
2024-02-01 11:48:44.610517,38.71819912500755,67.62193510227172,2.355698474604683,Manutenção,Fábrica A,481
2024-01-31 11:48:44.612516,24.983643626327652,61.66591132142435,1.3133170798125304,Manutenção,Fábrica B,289
2024-01-30 11:48:44.612516,22.509584391546767,41.82624434899349,0.3324669207503983,Parada,Fábrica B,251
2024-01-29 11:48:44.613525,36.51077612210343,74.08936497404704,1.6675533182422875,Parada,Fábrica A,339
2024-01-28 11:48:44.614517,25.10025418078648,58.98567962448949,8.069448440081807,Operando,Fábrica B,338
2024-01-27 11:48:44.615530,22.459137951144033,50.051880581265955,7.023257195259126,Parada,Fábrica A,303
2024-01-26 11:48:44.616526,30.029230015179245,40.49200421537599,8.91934030311807,Operando,Fábrica A,417
2024-01-25 11:48:44.617525,26.446560981110864,43.644921934948584,0.9334516959608874,Manutenção,Fábrica B,323
2024-01-24 11:48:44.618524,22.213548914304255,60.08309323666326,3.088433742511417,Manutenção,Fábrica B,205
2024-01-23 11:48:44.619526,37.30974849851903,63.82423118624294,4.803094090248496,Manutenção,Fábrica B,259
2024-01-22 11:48:44.619526,33.760269802077644,56.252101532396296,5.159420488889934,Manutenção,Fábrica B,484
2024-01-21 11:48:44.620524,31.11923802121256,55.61543076025025,1.7910923362296982,Operando,Fábrica A,284
2024-01-20 11:48:44.622031,29.419529766601507,40.00381369259714,1.9922117971690556,Operando,Fábrica B,236
2024-01-19 11:48:44.623048,35.945176847912784,70.31509124088899,9.496285201310553,Manutenção,Fábrica B,394
2024-01-18 11:48:44.624045,26.234155176944263,58.738865087838406,4.012202022590103,Manutenção,Fábrica A,256
2024-01-17 11:48:44.625046,20.057665553082973,46.68094258890761,0.18222816686835008,Manutenção,Fábrica B,141
2024-01-16 11:48:44.625046,32.64412070862914,71.93490535179998,2.0797422044243774,Parada,Fábrica A,349
2024-01-15 11:48:44.626045,33.157194832554836,57.41320008697039,7.271602555142404,Operando,Fábrica B,192
2024-01-14 11:48:44.627101,30.89723898186053,49.913267514920975,0.18574887368171034,Operando,Fábrica B,378
2024-01-13 11:48:44.629056,27.811086878553713,79.69346443032606,0.9055438035870977,Operando,Fábrica A,293
2024-01-12 11:48:44.631054,32.39795306670914,52.606559918868356,1.6927597176428044,Operando,Fábrica B,326
2024-01-11 11:48:44.632115,30.17912412056983,56.91818895010664,5.296130995410522,Operando,Fábrica A,353
2024-01-10 11:48:44.633103,38.73674299632211,77.41880178210695,5.641449964424174,Parada,Fábrica A,339
2024-01-09 11:48:44.634098,34.02655895877384,77.69995653694284,5.594501536768184,Operando,Fábrica B,406
2024-01-08 11:48:44.635100,23.77936619491743,56.73895616252884,2.4907011669052084,Manutenção,Fábrica B,119
2024-01-07 11:48:44.636038,27.828894787080117,42.11287232125568,8.212341805284732,Parada,Fábrica B,211
2024-01-06 11:48:44.637049,26.627643306074987,46.92938217109135,2.742276150470002,Parada,Fábrica B,393
2024-01-05 11:48:44.638113,31.082405898582586,51.41497955670613,6.9010073334124975,Operando,Fábrica B,216
2024-01-04 11:48:44.639100,26.363046270151088,68.32576213216497,1.7382128309009948,Manutenção,Fábrica B,443
2024-01-03 11:48:44.640112,33.67385106149812,59.118721868991614,6.872274119693516,Manutenção,Fábrica B,450
2024-01-02 11:48:44.641099,20.947737034853937,63.59517285919432,9.190845218848164,Operando,Fábrica B,490
2024-01-01 11:48:44.642106,34.77548611038731,47.0339197250461,4.054443989921425,Parada,Fábrica A,208
2023-12-31 11:48:44.643039,25.741301804285094,72.75900316616523,4.341644466966215,Manutenção,Fábrica A,172
2023-12-30 11:48:44.645143,22.191700637742606,46.359545781098134,0.770940734545027,Operando,Fábrica B,476
2023-12-29 11:48:44.646116,21.816291523924598,48.99336624559384,8.065350151402365,Operando,Fábrica B,466
2023-12-28 11:48:44.647041,30.901042871871955,51.52801353439443,7.380722891733901,Manutenção,Fábrica A,156
2023-12-27 11:48:44.648037,33.54373840323558,59.43168091573119,0.14547154385430305,Parada,Fábrica B,200
2023-12-26 11:48:44.649087,22.463537819536064,62.34232122350885,2.214415850253414,Operando,Fábrica A,311
2023-12-25 11:48:44.650046,34.30238737602599,63.114427178890985,5.9357624879214015,Manutenção,Fábrica B,411
2023-12-24 11:48:44.651042,27.37449458898189,47.801017511252255,5.5132479281972415,Manutenção,Fábrica B,402
2023-12-23 11:48:44.652046,33.09297671214321,70.1608801639824,2.1581182276561406,Manutenção,Fábrica A,469
2023-12-22 11:48:44.653037,33.49364771622052,53.847050525508465,6.491488947954307,Parada,Fábrica B,283
2023-12-21 11:48:44.654059,25.60494483277389,69.71458999396049,5.062307962513147,Operando,Fábrica A,191
2023-12-20 11:48:44.655105,33.183194274300696,77.78355259190583,4.839703871684136,Parada,Fábrica B,440
2023-12-19 11:48:44.657104,27.592682700577843,50.56209472120918,2.7881650513992415,Manutenção,Fábrica B,153
2023-12-18 11:48:44.658099,24.875523748767648,68.23770638802073,9.591368106554768,Manutenção,Fábrica A,159
2023-12-17 11:48:44.659101,28.715153932697174,43.7359608241239,5.629434859940026,Operando,Fábrica B,252
2023-12-16 11:48:44.660101,24.31192165098326,42.436474215889454,7.021345266721722,Parada,Fábrica B,478
2023-12-15 11:48:44.661105,31.537610102050984,62.68320816611028,8.914266755680979,Manutenção,Fábrica B,158
2023-12-14 11:48:44.662106,34.50096720531036,61.01452294847251,1.1062805425271571,Manutenção,Fábrica B,287
2023-12-13 11:48:44.663043,27.28369002061255,49.02152356154728,8.27629976853917,Parada,Fábrica B,118
2023-12-12 11:48:44.664044,21.46006563898719,52.18742827457437,4.096152498731015,Operando,Fábrica B,460
2023-12-11 11:48:44.665041,21.864008254764975,65.97494109122249,9.338607480736531,Operando,Fábrica B,392
2023-12-10 11:48:44.666109,38.15009210883972,56.29884922355972,0.8505425482275197,Operando,Fábrica A,169
2023-12-09 11:48:44.667101,27.734972786464205,71.08246996166964,6.819064233015034,Operando,Fábrica B,241
2023-12-08 11:48:44.669042,34.55246891305231,67.25573912277346,4.75203475620634,Parada,Fábrica A,130
2023-12-07 11:48:44.671039,24.32339371314532,64.55049524388089,3.5849050376576566,Operando,Fábrica B,472
2023-12-06 11:48:44.673040,21.71049547324648,63.57744320183344,9.307655900501885,Parada,Fábrica A,340
2023-12-05 11:48:44.675120,33.30061819889402,75.8729702769023,0.4166889309316224,Operando,Fábrica B,175
2023-12-04 11:48:44.677041,30.66216589446841,42.18436757592829,7.715496719402735,Parada,Fábrica A,471
2023-12-03 11:48:44.679039,28.44403199864479,40.062370226088795,6.52988981467475,Manutenção,Fábrica B,389
2023-12-02 11:48:44.681078,30.857360200870787,48.264316486329875,5.475622255421183,Operando,Fábrica A,486
2023-12-01 11:48:44.682077,39.566784100239076,52.76958549698911,2.8602333408905753,Manutenção,Fábrica A,181
2023-11-30 11:48:44.683111,22.61935771492386,62.86722011958911,1.5219234040215346,Operando,Fábrica A,379
2023-11-29 11:48:44.685040,21.789875285464568,75.42363620143134,1.090597875687106,Parada,Fábrica B,198
2023-11-28 11:48:44.687041,26.560748640731795,40.602703459628586,0.0035693009499371264,Operando,Fábrica A,245
2023-11-27 11:48:44.688102,31.660713365727293,58.48096340214325,2.3701438400870334,Manutenção,Fábrica A,156
2023-11-26 11:48:44.690099,27.383186618626844,70.58028589770967,1.193356226127552,Operando,Fábrica A,483
2023-11-25 11:48:44.691042,30.08466423341408,59.36697705280872,3.70307285811186,Parada,Fábrica B,467
2023-11-24 11:48:44.693040,36.56540565372322,60.636675056335754,1.1158389303195393,Operando,Fábrica A,288
2023-11-23 11:48:44.694040,34.328254153559875,59.0813764352979,4.081248541673688,Manutenção,Fábrica A,414
2023-11-22 11:48:44.696112,30.989091731231213,61.7655981264018,7.806139707206682,Manutenção,Fábrica A,102
2023-11-21 11:48:44.697097,28.61783673180328,49.001626223397885,3.670731986186726,Parada,Fábrica A,267
2023-11-20 11:48:44.699042,39.811957564322825,70.01993879493585,6.955728796846362,Manutenção,Fábrica A,315
2023-11-19 11:48:44.700106,20.349571593525184,66.94072909088831,4.296534518951103,Manutenção,Fábrica A,284
2023-11-18 11:48:44.701109,29.806429855098976,67.64062244586432,4.322437991086647,Parada,Fábrica A,448
2023-11-17 11:48:44.703109,32.60075809879085,65.94488598588586,3.9526924358913,Parada,Fábrica B,334
2023-11-16 11:48:44.706044,24.51821272057684,54.283462991888925,1.1670426355015917,Manutenção,Fábrica A,143
2023-11-15 11:48:44.708045,30.823184026328985,76.7189257865036,2.155022729702777,Manutenção,Fábrica A,335
2023-11-14 11:48:44.710086,27.456264217865055,63.24431301272878,0.5338696749938743,Manutenção,Fábrica B,455
2023-11-13 11:48:44.712044,29.395648499154564,71.83412140840841,9.248471328157931,Manutenção,Fábrica A,259
2023-11-12 11:48:44.716106,37.22611438640412,54.967373127881295,6.079438610547827,Manutenção,Fábrica A,274
2023-11-11 11:48:44.718108,21.58111949723208,59.63567599678065,5.095801548385954,Manutenção,Fábrica B,454
2023-11-10 11:48:44.720044,26.587466293701304,55.480439709629536,0.8770640571150112,Operando,Fábrica A,214
2023-11-09 11:48:44.722097,31.32598281087121,43.5958695270582,1.384442585276091,Parada,Fábrica B,305
2023-11-08 11:48:44.724041,39.51848220516365,61.24783815256811,6.062915533131154,Manutenção,Fábrica B,414
2023-11-07 11:48:44.728044,28.064407790102678,61.63975619953662,7.299555942438384,Parada,Fábrica B,378
2023-11-06 11:48:44.730045,22.180755671023753,53.674720094727974,4.787423953691789,Parada,Fábrica B,103
2023-11-05 11:48:44.731106,24.67574349154062,75.12066828708801,1.864743268742317,Operando,Fábrica A,500
2023-11-04 11:48:44.734041,32.566176149638615,53.4482464241346,3.8207893464813347,Manutenção,Fábrica B,407
2023-11-03 11:48:44.737039,24.796346594208664,42.52436901253423,0.9655889237954807,Operando,Fábrica A,212
2023-11-02 11:48:44.739103,24.42067583841819,48.383995921725706,2.0780486689542155,Parada,Fábrica B,267
2023-11-01 11:48:44.742098,35.98853711140937,49.220399047184955,5.145882541974858,Parada,Fábrica A,387
2023-10-31 11:48:44.743098,27.80472821302664,71.53783262329748,5.320817402357597,Operando,Fábrica A,250
2023-10-30 11:48:44.745108,39.557493715117886,52.29601304047388,7.0667430755465075,Parada,Fábrica A,361
2023-10-29 11:48:44.747041,21.55963235366772,48.77548594126192,8.154308223323634,Operando,Fábrica A,247
2023-10-28 11:48:44.749040,32.173827918527266,66.70205490833527,3.4846159795226317,Manutenção,Fábrica B,348
2023-10-27 11:48:44.751048,34.05009790430876,69.91976270198876,6.596419742746048,Parada,Fábrica A,431
2023-10-26 11:48:44.754041,30.93859868923076,65.22906494405231,6.634555024326073,Parada,Fábrica A,492
2023-10-25 11:48:44.757046,34.42599514693389,53.69042182278477,5.068103812988801,Manutenção,Fábrica A,185
2023-10-24 11:48:44.758043,28.64956377443246,50.87367132366447,5.0386705641554554,Operando,Fábrica B,483
2023-10-23 11:48:44.760040,34.52113316482733,69.74270406102156,2.313579846031615,Parada,Fábrica A,130
2023-10-22 11:48:44.763047,38.32026332916935,61.52666741627061,7.088334020207904,Manutenção,Fábrica B,310
2023-10-21 11:48:44.764047,34.08064031294432,72.7605610519629,7.468772623549567,Manutenção,Fábrica A,291
2023-10-20 11:48:44.766106,25.884802275251637,71.79138466037377,6.477489464479293,Manutenção,Fábrica B,146
2023-10-19 11:48:44.768041,39.21804485760675,43.65684933545556,7.4826406281117155,Parada,Fábrica B,104
2023-10-18 11:48:44.771041,31.167655242486443,53.586034887945885,3.4173175544058876,Operando,Fábrica B,107
2023-10-17 11:48:44.772055,35.375745884341626,44.03791677428578,8.840041364030988,Parada,Fábrica B,101
2023-10-16 11:48:44.773102,24.994240763228497,69.88716115060195,8.973048453809692,Operando,Fábrica A,410
2023-10-15 11:48:44.777038,26.734782560741273,49.619359145616194,4.974954527344309,Operando,Fábrica B,172
2023-10-14 11:48:44.779038,36.90738710846709,66.65106212775078,0.17607721110825758,Parada,Fábrica A,359
2023-10-13 11:48:44.781038,37.528595067598914,77.36788391201816,8.307237054888587,Parada,Fábrica A,152
2023-10-12 11:48:44.782046,31.837480231921962,79.07725053549603,9.872182347611263,Operando,Fábrica A,303
2023-10-11 11:48:44.783040,27.612213912809374,63.7558340128934,5.449419735124867,Manutenção,Fábrica A,127
2023-10-10 11:48:44.784048,38.93851897898578,75.00636121642978,0.5773170232028446,Parada,Fábrica A,157
2023-10-09 11:48:44.785099,25.11986121412882,74.55117576229634,1.8100098744037252,Parada,Fábrica A,288
2023-10-08 11:48:44.786040,27.276549200036406,45.377730149182035,6.315456311565567,Operando,Fábrica A,168
2023-10-07 11:48:44.787107,21.96488547797696,56.39194968144136,0.07639205060677945,Manutenção,Fábrica A,165
2023-10-06 11:48:44.788039,37.341967992864724,65.34296337384035,3.741140743911755,Manutenção,Fábrica A,204
2023-10-05 11:48:44.790037,30.656139421150463,59.28828800393851,7.911948289501575,Manutenção,Fábrica B,152
2023-10-04 11:48:44.791040,35.43877113954525,50.450355845316466,6.175800036350159,Operando,Fábrica A,264
2023-10-03 11:48:44.792108,28.24972517851514,64.05880395324235,4.407612878109964,Parada,Fábrica B,220
2023-10-02 11:48:44.793038,29.423372041331643,41.25018577688719,2.8454443801157825,Manutenção,Fábrica A,324
2023-10-01 11:48:44.794105,38.53597402355301,58.780832173113694,8.590394796317618,Manutenção,Fábrica B,240
2023-09-30 11:48:44.796059,35.19487571883102,72.91789518879219,8.173914834961346,Manutenção,Fábrica B,316
2023-09-29 11:48:44.798062,20.913462374028494,56.43515642200434,5.625170859955321,Parada,Fábrica A,448
2023-09-28 11:48:44.799103,26.680147975436547,68.60600520600505,1.0962213540075605,Manutenção,Fábrica A,477
2023-09-27 11:48:44.800100,30.77477221896178,47.56991097368997,9.309600427849928,Parada,Fábrica B,151
2023-09-26 11:48:44.801071,21.633451719638977,52.20457391158843,9.125434434314935,Operando,Fábrica A,347
2023-09-25 11:48:44.803069,20.628729523094595,70.43021813837635,1.8562814843108322,Parada,Fábrica B,145
2023-09-24 11:48:44.805100,34.192420628739065,71.00017328381782,7.031717756990369,Manutenção,Fábrica B,217
2023-09-23 11:48:44.806102,29.230214465536797,62.97405378396725,9.74625461875992,Parada,Fábrica A,381
2023-09-22 11:48:44.806102,28.520551708264314,74.88087225742291,6.582992212867297,Parada,Fábrica B,297
2023-09-21 11:48:44.807072,25.019354964790743,78.44542967218686,7.966159885834446,Parada,Fábrica A,487
2023-09-20 11:48:44.808074,25.410731854183723,78.38435360556528,4.534306429722674,Manutenção,Fábrica B,195
2023-09-19 11:48:44.811038,38.51349670715028,58.94326082558397,1.6541809811238983,Parada,Fábrica A,460
2023-09-18 11:48:44.813037,25.940924468730685,78.16125489339166,1.3118643589280155,Manutenção,Fábrica A,108
2023-09-17 11:48:44.814114,31.88250408744739,52.89253842539772,6.390762868945945,Manutenção,Fábrica A,293
2023-09-16 11:48:44.815107,39.604329831440424,56.6107519134644,2.5748816121951155,Parada,Fábrica B,355
2023-09-15 11:48:44.817066,38.22332061872369,55.743553367162136,9.91894372055842,Manutenção,Fábrica A,195
2023-09-14 11:48:44.818115,27.40132454877211,46.19692739508446,4.295203392691997,Parada,Fábrica B,373
2023-09-13 11:48:44.819100,39.74567103748221,77.34611267508873,3.3238873299112246,Manutenção,Fábrica B,454
2023-09-12 11:48:44.820098,37.51685581576248,60.772902978260355,8.645827084512906,Operando,Fábrica A,150
2023-09-11 11:48:44.821107,39.452200971655756,68.41934076652012,0.15264822373605713,Parada,Fábrica A,396
2023-09-10 11:48:44.822105,23.950017771794727,44.390040433507195,0.31403837390312384,Operando,Fábrica A,366
2023-09-09 11:48:44.825040,21.020504558937457,67.39464283509895,2.9776732637563743,Manutenção,Fábrica A,460
2023-09-08 11:48:44.826084,22.755843311990212,66.92862631565846,7.525178544011741,Manutenção,Fábrica A,299
2023-09-07 11:48:44.827103,25.60894168196197,65.96516087079868,3.2694911680007497,Manutenção,Fábrica A,280
2023-09-06 11:48:44.828038,33.27936415915539,54.59188597617022,4.8668936461006975,Operando,Fábrica A,130
2023-09-05 11:48:44.828038,32.82271180046236,51.89286427560189,9.375690037658712,Manutenção,Fábrica A,328
2023-09-04 11:48:44.829104,20.179797836079892,52.6330148283911,1.9806419216126059,Parada,Fábrica A,344
2023-09-03 11:48:44.831040,35.527157799604794,67.20186914617751,1.2572594531471482,Operando,Fábrica A,364
2023-09-02 11:48:44.833038,35.36917159154101,48.70551136033053,0.2697931812925569,Parada,Fábrica B,206
2023-09-01 11:48:44.834089,20.699753082591812,62.75190523322226,5.479698060688499,Operando,Fábrica B,323
2023-08-31 11:48:44.835102,34.27644870906833,57.326245075643655,1.7144206481469981,Manutenção,Fábrica A,182
2023-08-30 11:48:44.837040,34.78096014076862,60.42327154891623,1.0658156843599897,Parada,Fábrica B,252
2023-08-29 11:48:44.840040,24.936929278583186,73.15970754022516,1.0463278833653145,Operando,Fábrica B,331
2023-08-28 11:48:44.841104,24.467662445875675,40.222098325514665,0.8492454997706067,Manutenção,Fábrica A,166
2023-08-27 11:48:44.842104,35.099039586636664,58.18858269025348,9.83879136921633,Operando,Fábrica B,262
2023-08-26 11:48:44.844039,27.3486559534514,46.71824245322443,6.4480363243374,Operando,Fábrica B,398
2023-08-25 11:48:44.847037,32.15314482451213,44.359326053441485,9.84860264891346,Operando,Fábrica A,435
2023-08-24 11:48:44.849038,33.75608761394115,59.18808060055598,6.744454213209923,Operando,Fábrica A,352
2023-08-23 11:48:44.850104,36.29010626510693,78.10353546004848,1.4600673688528998,Operando,Fábrica A,417
2023-08-22 11:48:44.853038,38.28712839531002,41.44473137823814,1.1765174817420943,Manutenção,Fábrica B,184
2023-08-21 11:48:44.854037,35.65377146929195,74.04988557938775,6.698304514639619,Parada,Fábrica B,316
2023-08-20 11:48:44.856047,23.634471817277053,67.44077763477316,3.8018289573169173,Operando,Fábrica B,118
2023-08-19 11:48:44.857040,36.05763266019175,47.92591014382832,4.544948561555553,Operando,Fábrica A,455
2023-08-18 11:48:44.860045,34.32584150899487,50.52206318964798,1.901052367143703,Operando,Fábrica A,465
2023-08-17 11:48:44.861044,35.178609543303324,47.68382786065598,9.47885864607272,Parada,Fábrica A,107
2023-08-16 11:48:44.863073,36.12775998741089,69.30570931553677,9.97479347717443,Parada,Fábrica A,119
2023-08-15 11:48:44.864110,23.078307146216908,49.74558462183097,2.5975270814010076,Parada,Fábrica B,359
2023-08-14 11:48:44.865042,38.94739176870232,40.14778765223268,6.980172074160194,Manutenção,Fábrica B,338
2023-08-13 11:48:44.866040,36.53298207087388,42.70860685179133,1.9609921143903297,Parada,Fábrica A,329
2023-08-12 11:48:44.867102,28.255287778996582,42.41498994009458,6.830490917625501,Parada,Fábrica A,113
2023-08-11 11:48:44.868088,23.675767347698518,61.727481703066374,7.186752765857335,Manutenção,Fábrica B,109
2023-08-10 11:48:44.869097,34.86050642445315,64.09626782393654,4.028451814802838,Operando,Fábrica A,314
2023-08-09 11:48:44.870114,22.827349791882966,78.8188208183545,8.93545772496468,Manutenção,Fábrica A,185
2023-08-08 11:48:44.870114,34.13782701172093,76.41744610645472,2.9092797736981435,Manutenção,Fábrica A,389
2023-08-07 11:48:44.871088,30.38723314063889,68.2123253881821,9.828292813705852,Manutenção,Fábrica B,500
2023-08-06 11:48:44.874037,38.847790364663545,65.84576028821955,9.25270182276713,Operando,Fábrica B,383
2023-08-05 11:48:44.875111,24.893894529680896,78.07927390003891,9.223245928917958,Manutenção,Fábrica A,449
2023-08-04 11:48:44.876101,30.8235369567608,50.78746007480658,0.2529954782270749,Manutenção,Fábrica B,276
2023-08-03 11:48:44.877055,32.151757235738124,77.87086258131671,3.5930061106797107,Operando,Fábrica B,359
2023-08-02 11:48:44.880039,22.222099195922908,58.345499528550405,1.5154726736586666,Parada,Fábrica A,120
2023-08-01 11:48:44.882041,27.90776447150941,57.95625019653369,8.688586052541025,Operando,Fábrica A,102
2023-07-31 11:48:44.883078,28.010926835650118,50.8767447937947,6.836668705057387,Manutenção,Fábrica A,287
2023-07-30 11:48:44.884044,23.54845930554284,72.95342955970813,3.125656567129804,Parada,Fábrica A,359
2023-07-29 11:48:44.886044,25.323481769813533,67.38484493939502,2.823786812487511,Operando,Fábrica A,465
2023-07-28 11:48:44.888116,36.8640344245773,56.54259161942502,2.160024523708172,Manutenção,Fábrica A,416
2023-07-27 11:48:44.889109,31.359275724287162,71.63385385651884,2.997713633511885,Manutenção,Fábrica A,235
2023-07-26 11:48:44.890098,33.32145878475275,51.76458816949865,3.9479654193388414,Operando,Fábrica B,239
2023-07-25 11:48:44.891099,20.721518805509632,52.46715527324621,6.137808576256248,Parada,Fábrica A,142
2023-07-24 11:48:44.892039,23.730630717390262,72.44520748061366,4.6143181326443035,Operando,Fábrica A,297
2023-07-23 11:48:44.894098,25.997600650666566,50.760410366850586,4.833242958504619,Parada,Fábrica A,416
2023-07-22 11:48:44.895049,36.27004891615543,43.267277678389284,1.2251797179641954,Parada,Fábrica B,461
2023-07-21 11:48:44.897111,30.691371205095464,61.77400843892741,7.130273495101386,Parada,Fábrica B,364
2023-07-20 11:48:44.898104,36.718815859962795,60.311922937184505,0.2651257986929101,Parada,Fábrica B,104
2023-07-19 11:48:44.901045,27.007109830999795,68.10992195249241,9.250867534880081,Parada,Fábrica A,416
2023-07-18 11:48:44.903086,30.176023119965794,59.05992434817372,8.46073494971711,Operando,Fábrica A,336
2023-07-17 11:48:44.904087,23.002179251985776,48.85024930008511,3.3674911673742223,Parada,Fábrica B,118
2023-07-16 11:48:44.906040,22.43411893745549,44.91646168436591,9.2349345234015,Manutenção,Fábrica A,264
2023-07-15 11:48:44.908038,35.43003106639939,79.43902415301734,1.6613796155514537,Parada,Fábrica B,430
2023-07-14 11:48:44.910072,39.07736058085315,70.50738657029817,0.11405793520473106,Operando,Fábrica B,382
2023-07-13 11:48:44.911103,21.12851397745938,71.67950814933904,7.268827984552874,Manutenção,Fábrica B,196
2023-07-12 11:48:44.913039,34.05797453711898,65.07925545092895,3.5541273237421556,Manutenção,Fábrica B,344
2023-07-11 11:48:44.914041,28.49010947721885,40.361033060851604,4.079615104203638,Operando,Fábrica B,392
2023-07-10 11:48:44.915076,39.24036827042923,59.46884824120071,7.031705903562814,Manutenção,Fábrica B,313
2023-07-09 11:48:44.916039,35.01802593143265,48.80416037455113,6.515798662723253,Manutenção,Fábrica B,182
2023-07-08 11:48:44.917099,33.403081547253905,58.56454706183047,6.508083458286658,Manutenção,Fábrica B,143
2023-07-07 11:48:44.918098,20.11104293501123,55.64593217396766,3.2658942789386938,Manutenção,Fábrica B,443
2023-07-06 11:48:44.919111,38.88056731640911,54.051190760755674,0.6598238887547292,Operando,Fábrica B,165
2023-07-05 11:48:44.922041,24.372272766716673,61.17342683329,8.6110206168474,Operando,Fábrica B,207
2023-07-04 11:48:44.923105,22.287198425162927,40.302877020935426,6.2788442203982,Operando,Fábrica B,157
2023-07-03 11:48:44.925041,38.47957014413007,70.38183618861811,6.157706600612598,Parada,Fábrica A,249
